{
  "Buildings": [
    {
    "Id": "Platonymous.Example.Grass",
    "Name": "Example Floor 1",
	"Description": "Example",
	"TileWidth": 16,
	"TileHeight": 16,
	"Rotations": 1,
	"Cost":1,
	"BuildingType": "Floor",
	"Category": "Floors",
	"Texture": "Textures/z3_grass.png"
    },
	{
    "Id": "Platonymous.Example.BlueGrass",
    "Name": "Example Floor 2",
	"Description": "Example",
	"IsVolumeFloor": true,
	"IsCroppedFloor": true,
	"Cost":1,
	"BuildingType": "Floor",
	"Category": "Floors",
	"Texture": "Textures/bluegrass.png"
    },
	{
    "Id": "Platonymous.Example.Stump",
    "Name": "Example Floor 3",
	"Description": "Example",
	"TileWidth": 16,
	"TileHeight": 16,
	"Rotations": 1,
	"IsAboveGroundFloor": true,
	"Cost":1,
	"BuildingType": "Floor",
	"Category": "Floors",
	"Texture": "Textures/z3_stump.png"
    },
	{
    "Id": "Platonymous.Example.Tree",
    "Name": "Example Tree 1",
	"Description": "Example",
	"TileWidth": 64,
	"TileHeight": 40,
	"Rotations": 3,
	"HasFront": true,
	"FrontTileWidth":64,
	"FrontTileHeight":80,
	"Cost":2,
	"BuildingType": "Building",
	"Category": "Nature",
	"Texture": "Textures/z3_tree.png"
    },
	{
    "Id": "Platonymous.Example.Tent",
    "Name": "Example Tent 1",
	"Description": "Example",
	"Rotations": 1,
	"TileWidth": 32,
	"TileHeight": 16,
	"HasFront": true,
	"FrontTileWidth":32,
	"FrontTileHeight":32,
	"Cost":2,
	"BuildingType": "Building",
	"Category": "Decorative",
	"Texture": "Textures/z3_tent.png"
    }
  ]
}