{
  "Buildings": [
    {
    "Id": "Platonymous.NintendoLand.ZeldaGrass",
    "Name": "Zelda Grass",
	"Cost":0,
	"BuildingType": "Floor",
	"Category": "Floors",
	"Texture": "Textures/z3_grass.png"
    },
	{
    "Id": "Platonymous.NintendoLand.ZeldaEntrance",
    "Name": "Zelda ntrance",
	"Rotations":5,
	"Cost":5,
	"BuildingType": "Floor",
	"Category": "Floors",
	"Texture": "Textures/z3_entrance.png"
    },
	{
    "Id": "Platonymous.NintendoLand.ZeldaPattern",
    "Name": "Zelda Pattern",
	"Rotations":4,
	"Cost":5,
	"BuildingType": "Floor",
	"Category": "Floors",
	"Texture": "Textures/z3_pattern.png"
    },
	{
    "Id": "Platonymous.NintendoLand.ZeldaStoneFloor",
    "Name": "Zelda Stone Floor",
	"Rotations":4,
	"Cost":5,
	"BuildingType": "Floor",
	"Category": "Floors",
	"Texture": "Textures/z3_stone_floor.png"
    },
	{
    "Id": "Platonymous.NintendoLand.ZeldaStump",
    "Name": "Zelda Stump",
	"IsAboveGroundFloor": true,
	"Cost":5,
	"BuildingType": "Floor",
	"Category": "Floors",
	"Texture": "Textures/z3_stump.png"
    },
	{
    "Id": "Platonymous.NintendoLand.ZeldaBlock",
    "Name": "Zelda Block Down",
	"IsAboveGroundFloor": true,
	"Cost":5,
	"BuildingType": "Floor",
	"Category": "Floors",
	"Texture": "Textures/z3_block_down.png"
    },
	{
    "Id": "Platonymous.NintendoLand.ZeldaBlock2",
    "Name": "Zelda Block Up",
	"Rotations": 1,
	"BuildingType": "Building",
	"Category": "Decorative",
	"TileWidth": 16,
	"TileHeight": 16,
	"Cost":10,
	"Texture": "Textures/z3_block_up.png"
    },
	{
    "Id": "Platonymous.NintendoLand.ZeldaStump2",
    "Name": "Zelda Big Stump",
	"Rotations": 1,
	"BuildingType": "Building",
	"Category": "Nature",
	"TileWidth": 32,
	"TileHeight": 32,
	"Cost":20,
	"Texture": "Textures/z3_big_stump.png"
    },
	{
    "Id": "Platonymous.NintendoLand.ZeldaTree",
    "Name": "Zelda Tree",
	"TileWidth": 64,
	"TileHeight": 40,
	"Rotations": 3,
	"HasFront": true,
	"FrontTileWidth":64,
	"FrontTileHeight":80,
	"Cost":14,
	"BuildingType": "Building",
	"Category": "Nature",
	"Texture": "Textures/z3_tree.png"
    },
	{
    "Id": "Platonymous.NintendoLand.ZeldaSword",
    "Name": "Master Sword",
	"Rotations": 1,
	"BuildingType": "Building",
	"Category": "Decorative",
	"TileWidth": 32,
	"TileHeight": 40,
	"HasFront": true,
	"FrontTileWidth":32,
	"FrontTileHeight":80,
	"Cost":50,
	"Texture": "Textures/z3_sword.png"
    },
	{
    "Id": "Platonymous.NintendoLand.ZeldaBush",
    "Name": "Zelda Bush",
	"Rotations": 1,
	"BuildingType": "Building",
	"Category": "Nature",
	"TileWidth": 16,
	"TileHeight": 16,
	"Cost":10,
	"Texture": "Textures/z3_bush.png"
    },
	{
    "Id": "Platonymous.NintendoLand.ZeldaSign",
    "Name": "Zelda Sign",
	"Rotations": 1,
	"BuildingType": "Building",
	"Category": "Decorative",
	"TileWidth": 16,
	"TileHeight": 16,
	"Cost":10,
	"Texture": "Textures/z3_sign.png"
    },
	{
    "Id": "Platonymous.NintendoLand.ZeldaStone",
    "Name": "Zelda Stone",
	"Rotations": 2,
	"BuildingType": "Building",
	"Category": "Decorative",
	"TileWidth": 16,
	"TileHeight": 16,
	"Cost":10,
	"Texture": "Textures/z3_stone.png"
    },
	{
    "Id": "Platonymous.NintendoLand.ZeldaStone2",
    "Name": "Zelda Big Stone",
	"Rotations": 2,
	"BuildingType": "Building",
	"Category": "Decorative",
	"TileWidth": 32,
	"TileHeight": 32,
	"Cost":20,
	"Texture": "Textures/z3_big_stone.png"
    },
	{
    "Id": "Platonymous.NintendoLand.ZeldaChest",
    "Name": "Zelda Chest",
	"Rotations": 2,
	"BuildingType": "Building",
	"Category": "Decorative",
	"TileWidth": 16,
	"TileHeight": 16,
	"Cost":10,
	"Texture": "Textures/z3_chest.png"
    },
	{
    "Id": "Platonymous.Example.ZeldaChest2",
    "Name": "Zelda Big Chest",
	"Rotations": 2,
	"TileWidth": 32,
	"TileHeight": 16,
	"HasFront": true,
	"FrontTileWidth":32,
	"FrontTileHeight":32,
	"Cost":50,
	"BuildingType": "Building",
	"Category": "Decorative",
	"Texture": "Textures/z3_big_chest.png"
    },
	{
    "Id": "Platonymous.NintendoLand.ZeldaStatue",
    "Name": "Zelda Statue",
	"Rotations": 3,
	"BuildingType": "Building",
	"Category": "Decorative",
	"TileWidth": 32,
	"TileHeight": 32,
	"Cost":20,
	"Texture": "Textures/z3_statue.png"
    }
  ]
}